,タイトル,シリーズ,ジャンル,厚さ(mm),高さ(mm),著者名,使う頻度
0,0_0,0,新書（ノベルス）,11.0,173,加藤朝陽,8.0
1,1_0,1,新書（ノベルス）,11.0,173,田中湊斗,3.0
2,2_0,2,文庫（文芸書）,13.0,148,石井陽斗,1.0
3,3_0,3,新書（文芸書）,11.0,173,高橋陽葵,3.0
4,3_1,3,新書（文芸書）,11.0,173,高橋陽葵,3.0
5,3_2,3,新書（文芸書）,11.0,173,高橋陽葵,2.0
6,3_3,3,新書（文芸書）,11.0,173,高橋陽葵,9.0
7,4_0,4,単行本（少年漫画）,26.0,182,近藤結翔,13.0
8,4_1,4,単行本（少年漫画）,26.0,182,近藤結翔,19.0
9,4_2,4,単行本（少年漫画）,26.0,182,近藤結翔,17.0
10,5_0,5,文庫（古典）,13.0,148,井上湊斗,7.0
11,6_0,6,単行本（青年漫画）,25.0,182,鈴木颯太,0.0
12,7_0,7,単行本（青年漫画）,25.0,182,小川朱莉,8.0
13,8_0,8,単行本（少女漫画）,25.3,182,藤田朱莉,25.0
14,9_0,9,新書（ノベルス）,11.0,173,石井莉子,4.0
15,9_1,9,新書（ノベルス）,11.0,173,石井莉子,7.0
16,10_0,10,単行本（少年漫画）,25.5,182,田中蒼,6.0
17,10_1,10,単行本（少年漫画）,25.5,182,田中蒼,18.0
18,10_2,10,単行本（少年漫画）,25.5,182,田中蒼,22.0
19,10_3,10,単行本（少年漫画）,25.5,182,田中蒼,14.0
20,10_4,10,単行本（少年漫画）,25.5,182,田中蒼,27.0
21,11_0,11,文庫（ノベルス）,13.0,148,中村結愛,3.0
22,12_0,12,新書（ノンフィクション）,11.0,173,青木大翔,9.0
23,12_1,12,新書（ノンフィクション）,11.0,173,青木大翔,4.0
24,12_2,12,新書（ノンフィクション）,11.0,173,青木大翔,4.0
25,13_0,13,文庫（ノベルス）,13.0,148,遠藤伊織,1.0
26,13_1,13,文庫（ノベルス）,13.0,148,遠藤伊織,0.0
27,13_2,13,文庫（ノベルス）,13.0,148,遠藤伊織,6.0
28,13_3,13,文庫（ノベルス）,13.0,148,遠藤伊織,1.0
29,13_4,13,文庫（ノベルス）,13.0,148,遠藤伊織,6.0
30,13_5,13,文庫（ノベルス）,13.0,148,遠藤伊織,7.0
31,13_6,13,文庫（ノベルス）,13.0,148,遠藤伊織,1.0
32,14_0,14,単行本（青年漫画）,24.8,182,藤田葵,7.0
33,15_0,15,新書（文芸書）,11.0,173,高橋陽葵,1.0
34,16_0,16,文庫（古典）,13.0,148,高橋美桜,4.0
35,16_1,16,文庫（古典）,13.0,148,高橋美桜,4.0
36,16_2,16,文庫（古典）,13.0,148,高橋美桜,3.0
37,16_3,16,文庫（古典）,13.0,148,高橋美桜,5.0
38,16_4,16,文庫（古典）,13.0,148,高橋美桜,4.0
39,16_5,16,文庫（古典）,13.0,148,高橋美桜,4.0
40,16_6,16,文庫（古典）,13.0,148,高橋美桜,9.0
41,16_7,16,文庫（古典）,13.0,148,高橋美桜,0.0
42,17_0,17,新書（ノベルス）,11.0,173,山本朱莉,3.0
43,17_1,17,新書（ノベルス）,11.0,173,山本朱莉,8.0
44,17_2,17,新書（ノベルス）,11.0,173,山本朱莉,9.0
45,17_3,17,新書（ノベルス）,11.0,173,山本朱莉,6.0
46,17_4,17,新書（ノベルス）,11.0,173,山本朱莉,2.0
47,18_0,18,単行本（青年漫画）,24.6,182,森葵,8.0
48,19_0,19,新書（文芸書）,11.0,173,林朱莉,4.0
49,20_0,20,単行本（少年漫画）,25.5,182,後藤碧,15.0
50,21_0,21,文庫（ノベルス）,13.0,148,岡田樹,3.0
51,21_1,21,文庫（ノベルス）,13.0,148,岡田樹,9.0
52,22_0,22,単行本（少女漫画）,25.1,182,森咲良,14.0
53,23_0,23,新書（ノベルス）,11.0,173,佐々木咲良,7.0
54,23_1,23,新書（ノベルス）,11.0,173,佐々木咲良,5.0
55,23_2,23,新書（ノベルス）,11.0,173,佐々木咲良,7.0
56,24_0,24,単行本（青年漫画）,26.5,182,森葵,8.0
57,24_1,24,単行本（青年漫画）,26.5,182,森葵,1.0
58,24_2,24,単行本（青年漫画）,26.5,182,森葵,5.0
59,24_3,24,単行本（青年漫画）,26.5,182,森葵,2.0
60,24_4,24,単行本（青年漫画）,26.5,182,森葵,9.0
61,24_5,24,単行本（青年漫画）,26.5,182,森葵,5.0
62,25_0,25,文庫（ノベルス）,13.0,148,岡田大和,7.0
63,26_0,26,新書（ノンフィクション）,11.0,173,田中颯真,1.0
64,26_1,26,新書（ノンフィクション）,11.0,173,田中颯真,4.0
65,26_2,26,新書（ノンフィクション）,11.0,173,田中颯真,9.0
66,26_3,26,新書（ノンフィクション）,11.0,173,田中颯真,8.0
67,27_0,27,新書（文芸書）,11.0,173,加藤凪,7.0
68,28_0,28,単行本（青年漫画）,26.0,182,鈴木新,5.0
69,29_0,29,単行本（少年漫画）,24.2,182,佐々木伊織,15.0
70,29_1,29,単行本（少年漫画）,24.2,182,佐々木伊織,14.0
71,29_2,29,単行本（少年漫画）,24.2,182,佐々木伊織,7.0
72,30_0,30,単行本（少女漫画）,25.5,182,橋本伊織,24.0
73,30_1,30,単行本（少女漫画）,25.5,182,橋本伊織,8.0
74,30_2,30,単行本（少女漫画）,25.5,182,橋本伊織,18.0
75,30_3,30,単行本（少女漫画）,25.5,182,橋本伊織,2.0
76,30_4,30,単行本（少女漫画）,25.5,182,橋本伊織,26.0
77,31_0,31,単行本（少女漫画）,25.5,182,吉田暖,17.0
78,32_0,32,新書（ノンフィクション）,11.0,173,松本伊織,3.0
79,32_1,32,新書（ノンフィクション）,11.0,173,松本伊織,4.0
80,32_2,32,新書（ノンフィクション）,11.0,173,松本伊織,9.0
81,32_3,32,新書（ノンフィクション）,11.0,173,松本伊織,3.0
82,32_4,32,新書（ノンフィクション）,11.0,173,松本伊織,0.0
83,33_0,33,単行本（少年漫画）,24.7,182,山本暖,3.0
84,34_0,34,文庫（ノベルス）,13.0,148,山崎心春,9.0
85,35_0,35,新書（ノベルス）,11.0,173,藤田湊斗,5.0
86,36_0,36,文庫（古典）,13.0,148,木村花,6.0
87,36_1,36,文庫（古典）,13.0,148,木村花,9.0
88,37_0,37,新書（文芸書）,11.0,173,中島悠人,9.0
89,37_1,37,新書（文芸書）,11.0,173,中島悠人,9.0
90,37_2,37,新書（文芸書）,11.0,173,中島悠人,5.0
91,38_0,38,文庫（ノベルス）,13.0,148,藤田陽翔,9.0
92,38_1,38,文庫（ノベルス）,13.0,148,藤田陽翔,0.0
93,38_2,38,文庫（ノベルス）,13.0,148,藤田陽翔,7.0
94,39_0,39,単行本（少年漫画）,25.3,182,吉田咲良,28.0
95,39_1,39,単行本（少年漫画）,25.3,182,吉田咲良,13.0
96,39_2,39,単行本（少年漫画）,25.3,182,吉田咲良,22.0
97,39_3,39,単行本（少年漫画）,25.3,182,吉田咲良,11.0
98,39_4,39,単行本（少年漫画）,25.3,182,吉田咲良,26.0
99,39_5,39,単行本（少年漫画）,25.3,182,吉田咲良,15.0
100,39_6,39,単行本（少年漫画）,25.3,182,吉田咲良,4.0
101,39_7,39,単行本（少年漫画）,25.3,182,吉田咲良,10.0
102,39_8,39,単行本（少年漫画）,25.3,182,吉田咲良,21.0
103,40_0,40,単行本（少年漫画）,24.2,182,遠藤莉子,27.0
104,41_0,41,単行本（少女漫画）,24.4,182,清水葵,20.0
105,41_1,41,単行本（少女漫画）,24.4,182,清水葵,2.0
106,42_0,42,単行本（青年漫画）,25.1,182,山崎葵,0.0
107,42_1,42,単行本（青年漫画）,25.1,182,山崎葵,6.0
108,42_2,42,単行本（青年漫画）,25.1,182,山崎葵,6.0
109,43_0,43,文庫（古典）,13.0,148,加藤芽依,5.0
110,43_1,43,文庫（古典）,13.0,148,加藤芽依,2.0
111,43_2,43,文庫（古典）,13.0,148,加藤芽依,9.0
112,44_0,44,新書（文芸書）,11.0,173,青木朝陽,2.0
113,44_1,44,新書（文芸書）,11.0,173,青木朝陽,5.0
114,44_2,44,新書（文芸書）,11.0,173,青木朝陽,7.0
115,44_3,44,新書（文芸書）,11.0,173,青木朝陽,7.0
116,44_4,44,新書（文芸書）,11.0,173,青木朝陽,1.0
117,44_5,44,新書（文芸書）,11.0,173,青木朝陽,3.0
118,44_6,44,新書（文芸書）,11.0,173,青木朝陽,2.0
119,44_7,44,新書（文芸書）,11.0,173,青木朝陽,0.0
120,45_0,45,単行本（少女漫画）,25.8,182,佐々木凛,18.0
121,46_0,46,新書（文芸書）,11.0,173,後藤芽依,3.0
122,46_1,46,新書（文芸書）,11.0,173,後藤芽依,9.0
123,46_2,46,新書（文芸書）,11.0,173,後藤芽依,3.0
124,46_3,46,新書（文芸書）,11.0,173,後藤芽依,0.0
125,46_4,46,新書（文芸書）,11.0,173,後藤芽依,6.0
126,46_5,46,新書（文芸書）,11.0,173,後藤芽依,3.0
127,47_0,47,文庫（古典）,13.0,148,山下湊,1.0
128,47_1,47,文庫（古典）,13.0,148,山下湊,9.0
129,47_2,47,文庫（古典）,13.0,148,山下湊,3.0
130,47_3,47,文庫（古典）,13.0,148,山下湊,3.0
131,47_4,47,文庫（古典）,13.0,148,山下湊,9.0
132,47_5,47,文庫（古典）,13.0,148,山下湊,7.0
133,47_6,47,文庫（古典）,13.0,148,山下湊,8.0
134,47_7,47,文庫（古典）,13.0,148,山下湊,4.0
135,48_0,48,単行本（青年漫画）,23.4,182,岡田悠真,1.0
136,48_1,48,単行本（青年漫画）,23.4,182,岡田悠真,5.0
137,48_2,48,単行本（青年漫画）,23.4,182,岡田悠真,0.0
138,48_3,48,単行本（青年漫画）,23.4,182,岡田悠真,3.0
139,48_4,48,単行本（青年漫画）,23.4,182,岡田悠真,6.0
140,48_5,48,単行本（青年漫画）,23.4,182,岡田悠真,3.0
141,48_6,48,単行本（青年漫画）,23.4,182,岡田悠真,0.0
142,48_7,48,単行本（青年漫画）,23.4,182,岡田悠真,3.0
143,49_0,49,新書（ノンフィクション）,11.0,173,遠藤碧,1.0
144,49_1,49,新書（ノンフィクション）,11.0,173,遠藤碧,7.0
145,50_0,50,新書（文芸書）,11.0,173,山田美桜,0.0
146,51_0,51,単行本（少年漫画）,25.3,182,鈴木律,27.0
147,52_0,52,単行本（少年漫画）,26.4,182,山口紬,21.0
148,52_1,52,単行本（少年漫画）,26.4,182,山口紬,25.0
149,53_0,53,新書（文芸書）,11.0,173,清水陽菜,6.0
150,53_1,53,新書（文芸書）,11.0,173,清水陽菜,1.0
151,54_0,54,新書（ノンフィクション）,11.0,173,岡田陽葵,7.0
152,54_1,54,新書（ノンフィクション）,11.0,173,岡田陽葵,5.0
153,54_2,54,新書（ノンフィクション）,11.0,173,岡田陽葵,7.0
154,54_3,54,新書（ノンフィクション）,11.0,173,岡田陽葵,9.0
155,54_4,54,新書（ノンフィクション）,11.0,173,岡田陽葵,6.0
156,55_0,55,単行本（少女漫画）,26.8,182,近藤樹,10.0
157,55_1,55,単行本（少女漫画）,26.8,182,近藤樹,3.0
158,55_2,55,単行本（少女漫画）,26.8,182,近藤樹,20.0
159,56_0,56,文庫（古典）,13.0,148,山口碧,2.0
160,57_0,57,単行本（青年漫画）,25.0,182,坂本陽葵,1.0
161,58_0,58,新書（文芸書）,11.0,173,中村蒼,8.0
162,58_1,58,新書（文芸書）,11.0,173,中村蒼,4.0
163,59_0,59,単行本（少年漫画）,26.3,182,清水花,15.0
164,60_0,60,文庫（文芸書）,13.0,148,山田伊織,7.0
165,60_1,60,文庫（文芸書）,13.0,148,山田伊織,9.0
166,60_2,60,文庫（文芸書）,13.0,148,山田伊織,0.0
167,60_3,60,文庫（文芸書）,13.0,148,山田伊織,3.0
168,60_4,60,文庫（文芸書）,13.0,148,山田伊織,5.0
169,60_5,60,文庫（文芸書）,13.0,148,山田伊織,5.0
170,60_6,60,文庫（文芸書）,13.0,148,山田伊織,7.0
171,60_7,60,文庫（文芸書）,13.0,148,山田伊織,8.0
172,60_8,60,文庫（文芸書）,13.0,148,山田伊織,0.0
173,61_0,61,単行本（少女漫画）,26.1,182,藤田莉子,5.0
174,61_1,61,単行本（少女漫画）,26.1,182,藤田莉子,17.0
175,61_2,61,単行本（少女漫画）,26.1,182,藤田莉子,26.0
176,61_3,61,単行本（少女漫画）,26.1,182,藤田莉子,29.0
177,61_4,61,単行本（少女漫画）,26.1,182,藤田莉子,14.0
178,61_5,61,単行本（少女漫画）,26.1,182,藤田莉子,5.0
179,61_6,61,単行本（少女漫画）,26.1,182,藤田莉子,14.0
180,62_0,62,文庫（古典）,13.0,148,山下莉子,3.0
181,63_0,63,文庫（文芸書）,13.0,148,吉田結愛,2.0
182,64_0,64,文庫（古典）,13.0,148,山下湊,1.0
183,65_0,65,文庫（古典）,13.0,148,井上伊織,2.0
184,65_1,65,文庫（古典）,13.0,148,井上伊織,9.0
185,65_2,65,文庫（古典）,13.0,148,井上伊織,2.0
186,66_0,66,単行本（青年漫画）,24.8,182,清水結菜,6.0
187,66_1,66,単行本（青年漫画）,24.8,182,清水結菜,8.0
188,66_2,66,単行本（青年漫画）,24.8,182,清水結菜,8.0
189,67_0,67,文庫（文芸書）,13.0,148,石川伊織,5.0
190,67_1,67,文庫（文芸書）,13.0,148,石川伊織,9.0
191,68_0,68,文庫（古典）,13.0,148,小川陽翔,8.0
192,69_0,69,文庫（文芸書）,13.0,148,村上結衣,9.0
193,69_1,69,文庫（文芸書）,13.0,148,村上結衣,3.0
194,69_2,69,文庫（文芸書）,13.0,148,村上結衣,6.0
195,70_0,70,新書（ノベルス）,11.0,173,田中花,7.0
196,71_0,71,新書（ノンフィクション）,11.0,173,岡田陽葵,7.0
197,71_1,71,新書（ノンフィクション）,11.0,173,岡田陽葵,5.0
198,71_2,71,新書（ノンフィクション）,11.0,173,岡田陽葵,4.0
199,71_3,71,新書（ノンフィクション）,11.0,173,岡田陽葵,0.0
200,71_4,71,新書（ノンフィクション）,11.0,173,岡田陽葵,5.0
201,71_5,71,新書（ノンフィクション）,11.0,173,岡田陽葵,7.0
202,71_6,71,新書（ノンフィクション）,11.0,173,岡田陽葵,8.0
203,71_7,71,新書（ノンフィクション）,11.0,173,岡田陽葵,1.0
204,72_0,72,文庫（文芸書）,13.0,148,佐藤陽菜,6.0
205,73_0,73,文庫（古典）,13.0,148,阿部朝陽,4.0
206,74_0,74,文庫（ノベルス）,13.0,148,山崎碧,9.0
207,75_0,75,新書（ノベルス）,11.0,173,石川詩,3.0
208,75_1,75,新書（ノベルス）,11.0,173,石川詩,9.0
209,75_2,75,新書（ノベルス）,11.0,173,石川詩,0.0
210,75_3,75,新書（ノベルス）,11.0,173,石川詩,7.0
211,75_4,75,新書（ノベルス）,11.0,173,石川詩,7.0
212,75_5,75,新書（ノベルス）,11.0,173,石川詩,5.0
213,76_0,76,文庫（辞書）,48.0,148,阿部大翔,6.0
214,77_0,77,新書（ノンフィクション）,11.0,173,藤田伊織,0.0
215,77_1,77,新書（ノンフィクション）,11.0,173,藤田伊織,2.0
216,77_2,77,新書（ノンフィクション）,11.0,173,藤田伊織,4.0
217,77_3,77,新書（ノンフィクション）,11.0,173,藤田伊織,4.0
218,78_0,78,文庫（文芸書）,13.0,148,長谷川莉子,6.0
219,79_0,79,単行本（少女漫画）,23.2,182,森紬,28.0
220,79_1,79,単行本（少女漫画）,23.2,182,森紬,6.0
221,79_2,79,単行本（少女漫画）,23.2,182,森紬,8.0
222,80_0,80,単行本（少年漫画）,25.4,182,鈴木颯真,18.0
223,80_1,80,単行本（少年漫画）,25.4,182,鈴木颯真,0.0
224,80_2,80,単行本（少年漫画）,25.4,182,鈴木颯真,1.0
225,80_3,80,単行本（少年漫画）,25.4,182,鈴木颯真,20.0
226,81_0,81,単行本（青年漫画）,24.8,182,小川結愛,8.0
227,81_1,81,単行本（青年漫画）,24.8,182,小川結愛,3.0
228,81_2,81,単行本（青年漫画）,24.8,182,小川結愛,9.0
229,82_0,82,単行本（青年漫画）,25.4,182,近藤美桜,0.0
230,82_1,82,単行本（青年漫画）,25.4,182,近藤美桜,8.0
231,82_2,82,単行本（青年漫画）,25.4,182,近藤美桜,1.0
232,82_3,82,単行本（青年漫画）,25.4,182,近藤美桜,6.0
233,82_4,82,単行本（青年漫画）,25.4,182,近藤美桜,9.0
234,82_5,82,単行本（青年漫画）,25.4,182,近藤美桜,7.0
235,83_0,83,単行本（少年漫画）,25.2,182,吉田咲良,29.0
236,84_0,84,文庫（文芸書）,13.0,148,佐藤新,1.0
237,84_1,84,文庫（文芸書）,13.0,148,佐藤新,4.0
238,85_0,85,新書（ノンフィクション）,11.0,173,吉田心春,7.0
239,85_1,85,新書（ノンフィクション）,11.0,173,吉田心春,9.0
240,85_2,85,新書（ノンフィクション）,11.0,173,吉田心春,9.0
241,85_3,85,新書（ノンフィクション）,11.0,173,吉田心春,0.0
242,85_4,85,新書（ノンフィクション）,11.0,173,吉田心春,6.0
243,85_5,85,新書（ノンフィクション）,11.0,173,吉田心春,3.0
244,85_6,85,新書（ノンフィクション）,11.0,173,吉田心春,7.0
245,86_0,86,単行本（少女漫画）,22.4,182,近藤朱莉,5.0
246,87_0,87,文庫（古典）,13.0,148,阿部新,9.0
247,88_0,88,単行本（少年漫画）,25.7,182,高橋朝陽,3.0
248,89_0,89,単行本（青年漫画）,26.4,182,小林詩,0.0
249,89_1,89,単行本（青年漫画）,26.4,182,小林詩,6.0
250,90_0,90,単行本（青年漫画）,25.8,182,伊藤蓮,9.0
251,90_1,90,単行本（青年漫画）,25.8,182,伊藤蓮,5.0
252,90_2,90,単行本（青年漫画）,25.8,182,伊藤蓮,9.0
253,90_3,90,単行本（青年漫画）,25.8,182,伊藤蓮,2.0
254,90_4,90,単行本（青年漫画）,25.8,182,伊藤蓮,1.0
255,90_5,90,単行本（青年漫画）,25.8,182,伊藤蓮,3.0
256,90_6,90,単行本（青年漫画）,25.8,182,伊藤蓮,0.0
257,90_7,90,単行本（青年漫画）,25.8,182,伊藤蓮,6.0
258,91_0,91,文庫（辞書）,46.9,148,加藤結菜,4.0
259,92_0,92,新書（ノベルス）,11.0,173,佐々木咲良,1.0
260,92_1,92,新書（ノベルス）,11.0,173,佐々木咲良,4.0
261,92_2,92,新書（ノベルス）,11.0,173,佐々木咲良,4.0
262,93_0,93,文庫（古典）,13.0,148,小林大翔,6.0
263,94_0,94,単行本（少年漫画）,24.9,182,渡辺陽菜,23.0
264,95_0,95,単行本（少女漫画）,24.8,182,伊藤悠人,2.0
265,95_1,95,単行本（少女漫画）,24.8,182,伊藤悠人,6.0
266,95_2,95,単行本（少女漫画）,24.8,182,伊藤悠人,6.0
267,95_3,95,単行本（少女漫画）,24.8,182,伊藤悠人,24.0
268,95_4,95,単行本（少女漫画）,24.8,182,伊藤悠人,12.0
269,96_0,96,文庫（古典）,13.0,148,石川陽斗,1.0
270,96_1,96,文庫（古典）,13.0,148,石川陽斗,9.0
271,96_2,96,文庫（古典）,13.0,148,石川陽斗,0.0
272,96_3,96,文庫（古典）,13.0,148,石川陽斗,3.0
273,97_0,97,単行本（青年漫画）,26.0,182,石井詩,0.0
274,98_0,98,新書（ノンフィクション）,11.0,173,青木葵,0.0
275,99_0,99,単行本（少女漫画）,25.1,182,山崎結菜,5.0
276,100_0,100,単行本（少年漫画）,25.6,182,青木悠真,1.0
277,100_1,100,単行本（少年漫画）,25.6,182,青木悠真,23.0
278,100_2,100,単行本（少年漫画）,25.6,182,青木悠真,10.0
279,100_3,100,単行本（少年漫画）,25.6,182,青木悠真,12.0
280,100_4,100,単行本（少年漫画）,25.6,182,青木悠真,19.0
281,101_0,101,新書（ノベルス）,11.0,173,清水悠人,7.0
282,101_1,101,新書（ノベルス）,11.0,173,清水悠人,7.0
283,101_2,101,新書（ノベルス）,11.0,173,清水悠人,1.0
284,102_0,102,単行本（青年漫画）,24.4,182,石井伊織,0.0
285,102_1,102,単行本（青年漫画）,24.4,182,石井伊織,6.0
286,103_0,103,単行本（青年漫画）,25.3,182,松本結翔,5.0
287,103_1,103,単行本（青年漫画）,25.3,182,松本結翔,1.0
288,103_2,103,単行本（青年漫画）,25.3,182,松本結翔,2.0
289,103_3,103,単行本（青年漫画）,25.3,182,松本結翔,6.0
290,103_4,103,単行本（青年漫画）,25.3,182,松本結翔,8.0
291,104_0,104,単行本（少年漫画）,23.7,182,山口湊,5.0
292,105_0,105,文庫（文芸書）,13.0,148,山崎花,9.0
293,106_0,106,新書（ノンフィクション）,11.0,173,山崎朱莉,5.0
294,107_0,107,新書（ノベルス）,11.0,173,石川大翔,6.0
295,108_0,108,単行本（少年漫画）,27.9,182,前田澪,22.0
296,109_0,109,単行本（少女漫画）,24.8,182,岡田紬,2.0
297,109_1,109,単行本（少女漫画）,24.8,182,岡田紬,17.0
298,109_2,109,単行本（少女漫画）,24.8,182,岡田紬,14.0
299,109_3,109,単行本（少女漫画）,24.8,182,岡田紬,29.0
300,109_4,109,単行本（少女漫画）,24.8,182,岡田紬,27.0
301,109_5,109,単行本（少女漫画）,24.8,182,岡田紬,4.0
302,110_0,110,単行本（少女漫画）,24.5,182,池田心春,11.0
303,111_0,111,新書（文芸書）,11.0,173,石川澪,9.0
304,112_0,112,文庫（文芸書）,13.0,148,村上陽葵,5.0
305,113_0,113,文庫（文芸書）,13.0,148,吉田結愛,3.0
306,113_1,113,文庫（文芸書）,13.0,148,吉田結愛,0.0
307,113_2,113,文庫（文芸書）,13.0,148,吉田結愛,3.0
308,114_0,114,新書（文芸書）,11.0,173,前田結菜,3.0
309,115_0,115,新書（ノベルス）,11.0,173,高橋湊斗,1.0
310,116_0,116,新書（文芸書）,11.0,173,後藤悠人,8.0
311,116_1,116,新書（文芸書）,11.0,173,後藤悠人,3.0
312,116_2,116,新書（文芸書）,11.0,173,後藤悠人,7.0
313,116_3,116,新書（文芸書）,11.0,173,後藤悠人,2.0
314,117_0,117,単行本（青年漫画）,25.2,182,池田朝陽,4.0
315,118_0,118,文庫（ノベルス）,13.0,148,高橋心春,8.0
316,119_0,119,単行本（青年漫画）,25.1,182,松本結翔,5.0
317,120_0,120,文庫（古典）,13.0,148,木村紬,0.0
318,120_1,120,文庫（古典）,13.0,148,木村紬,2.0
319,120_2,120,文庫（古典）,13.0,148,木村紬,3.0
320,120_3,120,文庫（古典）,13.0,148,木村紬,2.0
321,120_4,120,文庫（古典）,13.0,148,木村紬,1.0
322,120_5,120,文庫（古典）,13.0,148,木村紬,9.0
323,121_0,121,単行本（少年漫画）,24.2,182,清水蓮,27.0
324,122_0,122,新書（文芸書）,11.0,173,斎藤湊斗,6.0
325,122_1,122,新書（文芸書）,11.0,173,斎藤湊斗,4.0
326,122_2,122,新書（文芸書）,11.0,173,斎藤湊斗,1.0
327,122_3,122,新書（文芸書）,11.0,173,斎藤湊斗,2.0
328,122_4,122,新書（文芸書）,11.0,173,斎藤湊斗,0.0
329,123_0,123,新書（文芸書）,11.0,173,森凛,9.0
330,123_1,123,新書（文芸書）,11.0,173,森凛,8.0
331,123_2,123,新書（文芸書）,11.0,173,森凛,8.0
332,123_3,123,新書（文芸書）,11.0,173,森凛,2.0
333,123_4,123,新書（文芸書）,11.0,173,森凛,1.0
334,124_0,124,単行本（少女漫画）,24.3,182,森紬,18.0
335,124_1,124,単行本（少女漫画）,24.3,182,森紬,11.0
336,125_0,125,単行本（少年漫画）,27.2,182,田中樹,15.0
337,125_1,125,単行本（少年漫画）,27.2,182,田中樹,12.0
338,125_2,125,単行本（少年漫画）,27.2,182,田中樹,9.0
339,125_3,125,単行本（少年漫画）,27.2,182,田中樹,3.0
340,126_0,126,文庫（古典）,13.0,148,山下結衣,2.0
341,126_1,126,文庫（古典）,13.0,148,山下結衣,6.0
342,126_2,126,文庫（古典）,13.0,148,山下結衣,6.0
343,126_3,126,文庫（古典）,13.0,148,山下結衣,1.0
344,127_0,127,文庫（古典）,13.0,148,近藤颯太,3.0
345,128_0,128,文庫（ノベルス）,13.0,148,橋本詩,6.0
346,128_1,128,文庫（ノベルス）,13.0,148,橋本詩,8.0
347,128_2,128,文庫（ノベルス）,13.0,148,橋本詩,9.0
348,128_3,128,文庫（ノベルス）,13.0,148,橋本詩,5.0
349,128_4,128,文庫（ノベルス）,13.0,148,橋本詩,5.0
350,128_5,128,文庫（ノベルス）,13.0,148,橋本詩,8.0
351,128_6,128,文庫（ノベルス）,13.0,148,橋本詩,4.0
352,128_7,128,文庫（ノベルス）,13.0,148,橋本詩,5.0
353,129_0,129,単行本（少年漫画）,25.0,182,井上蒼,22.0
354,130_0,130,新書（ノンフィクション）,11.0,173,森湊斗,1.0
355,130_1,130,新書（ノンフィクション）,11.0,173,森湊斗,1.0
356,130_2,130,新書（ノンフィクション）,11.0,173,森湊斗,8.0
357,130_3,130,新書（ノンフィクション）,11.0,173,森湊斗,6.0
358,130_4,130,新書（ノンフィクション）,11.0,173,森湊斗,3.0
359,130_5,130,新書（ノンフィクション）,11.0,173,森湊斗,2.0
360,131_0,131,新書（ノンフィクション）,11.0,173,鈴木朝陽,4.0
361,131_1,131,新書（ノンフィクション）,11.0,173,鈴木朝陽,4.0
362,131_2,131,新書（ノンフィクション）,11.0,173,鈴木朝陽,9.0
363,131_3,131,新書（ノンフィクション）,11.0,173,鈴木朝陽,1.0
364,132_0,132,新書（文芸書）,11.0,173,山本紬,2.0
365,133_0,133,文庫（ノベルス）,13.0,148,前田凪,2.0
366,134_0,134,単行本（少女漫画）,25.0,182,山下陽葵,16.0
367,134_1,134,単行本（少女漫画）,25.0,182,山下陽葵,17.0
368,134_2,134,単行本（少女漫画）,25.0,182,山下陽葵,7.0
369,134_3,134,単行本（少女漫画）,25.0,182,山下陽葵,16.0
370,135_0,135,単行本（青年漫画）,25.3,182,木村結菜,8.0
371,136_0,136,単行本（青年漫画）,25.1,182,山口花,9.0
372,136_1,136,単行本（青年漫画）,25.1,182,山口花,0.0
373,136_2,136,単行本（青年漫画）,25.1,182,山口花,5.0
374,136_3,136,単行本（青年漫画）,25.1,182,山口花,6.0
375,136_4,136,単行本（青年漫画）,25.1,182,山口花,9.0
376,136_5,136,単行本（青年漫画）,25.1,182,山口花,1.0
377,137_0,137,文庫（ノベルス）,13.0,148,伊藤朱莉,0.0
378,137_1,137,文庫（ノベルス）,13.0,148,伊藤朱莉,7.0
379,137_2,137,文庫（ノベルス）,13.0,148,伊藤朱莉,6.0
380,137_3,137,文庫（ノベルス）,13.0,148,伊藤朱莉,4.0
381,137_4,137,文庫（ノベルス）,13.0,148,伊藤朱莉,9.0
382,138_0,138,単行本（少女漫画）,25.5,182,橋本莉子,27.0
383,139_0,139,文庫（文芸書）,13.0,148,林結月,0.0
384,139_1,139,文庫（文芸書）,13.0,148,林結月,3.0
385,140_0,140,単行本（少女漫画）,24.0,182,石川愛,18.0
386,140_1,140,単行本（少女漫画）,24.0,182,石川愛,27.0
387,141_0,141,文庫（文芸書）,13.0,148,山口朝陽,1.0
388,142_0,142,新書（ノンフィクション）,11.0,173,吉田心春,8.0
389,143_0,143,新書（文芸書）,11.0,173,加藤陽菜,6.0
390,143_1,143,新書（文芸書）,11.0,173,加藤陽菜,5.0
391,143_2,143,新書（文芸書）,11.0,173,加藤陽菜,3.0
392,143_3,143,新書（文芸書）,11.0,173,加藤陽菜,8.0
393,144_0,144,文庫（文芸書）,13.0,148,中村悠真,2.0
394,144_1,144,文庫（文芸書）,13.0,148,中村悠真,8.0
395,144_2,144,文庫（文芸書）,13.0,148,中村悠真,7.0
396,144_3,144,文庫（文芸書）,13.0,148,中村悠真,6.0
397,145_0,145,単行本（青年漫画）,24.7,182,阿部凛,6.0
398,145_1,145,単行本（青年漫画）,24.7,182,阿部凛,8.0
399,145_2,145,単行本（青年漫画）,24.7,182,阿部凛,4.0
400,145_3,145,単行本（青年漫画）,24.7,182,阿部凛,0.0
401,145_4,145,単行本（青年漫画）,24.7,182,阿部凛,3.0
402,146_0,146,文庫（文芸書）,13.0,148,山田新,9.0
403,146_1,146,文庫（文芸書）,13.0,148,山田新,8.0
404,146_2,146,文庫（文芸書）,13.0,148,山田新,7.0
405,146_3,146,文庫（文芸書）,13.0,148,山田新,9.0
406,147_0,147,新書（ノンフィクション）,11.0,173,石井咲良,7.0
407,147_1,147,新書（ノンフィクション）,11.0,173,石井咲良,2.0
408,147_2,147,新書（ノンフィクション）,11.0,173,石井咲良,7.0
409,147_3,147,新書（ノンフィクション）,11.0,173,石井咲良,8.0
410,148_0,148,新書（ノベルス）,11.0,173,山口陽斗,4.0
411,148_1,148,新書（ノベルス）,11.0,173,山口陽斗,2.0
412,148_2,148,新書（ノベルス）,11.0,173,山口陽斗,7.0
413,148_3,148,新書（ノベルス）,11.0,173,山口陽斗,3.0
414,148_4,148,新書（ノベルス）,11.0,173,山口陽斗,7.0
415,148_5,148,新書（ノベルス）,11.0,173,山口陽斗,3.0
416,148_6,148,新書（ノベルス）,11.0,173,山口陽斗,1.0
417,149_0,149,新書（ノベルス）,11.0,173,山崎莉子,2.0
418,149_1,149,新書（ノベルス）,11.0,173,山崎莉子,1.0
419,149_2,149,新書（ノベルス）,11.0,173,山崎莉子,3.0
420,150_0,150,文庫（古典）,13.0,148,長谷川律,0.0
421,151_0,151,新書（ノンフィクション）,11.0,173,鈴木碧,9.0
422,151_1,151,新書（ノンフィクション）,11.0,173,鈴木碧,2.0
423,152_0,152,新書（ノベルス）,11.0,173,前田悠人,0.0
424,153_0,153,単行本（少女漫画）,25.1,182,森紬,26.0
425,154_0,154,単行本（少年漫画）,25.2,182,田中芽依,11.0
426,154_1,154,単行本（少年漫画）,25.2,182,田中芽依,15.0
427,154_2,154,単行本（少年漫画）,25.2,182,田中芽依,27.0
428,155_0,155,新書（ノベルス）,11.0,173,加藤朝陽,0.0
429,156_0,156,単行本（青年漫画）,24.7,182,木村咲良,6.0
430,157_0,157,新書（文芸書）,11.0,173,斎藤凛,0.0
431,158_0,158,新書（ノンフィクション）,11.0,173,中村朝陽,3.0
432,158_1,158,新書（ノンフィクション）,11.0,173,中村朝陽,3.0
433,158_2,158,新書（ノンフィクション）,11.0,173,中村朝陽,8.0
434,159_0,159,単行本（少女漫画）,24.8,182,高橋詩,25.0
435,159_1,159,単行本（少女漫画）,24.8,182,高橋詩,21.0
436,160_0,160,新書（ノンフィクション）,11.0,173,長谷川結翔,0.0
437,160_1,160,新書（ノンフィクション）,11.0,173,長谷川結翔,9.0
438,160_2,160,新書（ノンフィクション）,11.0,173,長谷川結翔,4.0
439,161_0,161,新書（文芸書）,11.0,173,井上詩,4.0
440,161_1,161,新書（文芸書）,11.0,173,井上詩,1.0
441,161_2,161,新書（文芸書）,11.0,173,井上詩,0.0
442,161_3,161,新書（文芸書）,11.0,173,井上詩,4.0
443,161_4,161,新書（文芸書）,11.0,173,井上詩,6.0
444,161_5,161,新書（文芸書）,11.0,173,井上詩,8.0
445,162_0,162,単行本（少年漫画）,25.2,182,岡田伊織,4.0
446,163_0,163,新書（ノンフィクション）,11.0,173,石井咲良,5.0
447,164_0,164,文庫（古典）,13.0,148,山本陽菜,0.0
448,165_0,165,新書（文芸書）,11.0,173,長谷川愛,9.0
449,166_0,166,単行本（少年漫画）,25.2,182,伊藤律,10.0
450,167_0,167,単行本（青年漫画）,23.6,182,山本陽翔,3.0
451,167_1,167,単行本（青年漫画）,23.6,182,山本陽翔,2.0
452,167_2,167,単行本（青年漫画）,23.6,182,山本陽翔,4.0
453,167_3,167,単行本（青年漫画）,23.6,182,山本陽翔,4.0
454,168_0,168,新書（文芸書）,11.0,173,田中結愛,5.0
455,169_0,169,単行本（青年漫画）,25.2,182,森颯真,9.0
456,170_0,170,単行本（青年漫画）,24.0,182,山本蒼,5.0
457,170_1,170,単行本（青年漫画）,24.0,182,山本蒼,3.0
458,170_2,170,単行本（青年漫画）,24.0,182,山本蒼,6.0
459,171_0,171,単行本（少年漫画）,24.6,182,森陽斗,23.0
460,172_0,172,文庫（古典）,13.0,148,山崎蒼,8.0
461,172_1,172,文庫（古典）,13.0,148,山崎蒼,3.0
462,172_2,172,文庫（古典）,13.0,148,山崎蒼,3.0
463,173_0,173,新書（文芸書）,11.0,173,山崎伊織,2.0
464,174_0,174,文庫（ノベルス）,13.0,148,坂本凪,9.0
465,175_0,175,単行本（少年漫画）,23.7,182,岡田湊,15.0
466,175_1,175,単行本（少年漫画）,23.7,182,岡田湊,25.0
467,175_2,175,単行本（少年漫画）,23.7,182,岡田湊,13.0
468,175_3,175,単行本（少年漫画）,23.7,182,岡田湊,21.0
469,175_4,175,単行本（少年漫画）,23.7,182,岡田湊,24.0
470,176_0,176,文庫（ノベルス）,13.0,148,村上碧,1.0
471,177_0,177,新書（ノベルス）,11.0,173,加藤花,1.0
472,177_1,177,新書（ノベルス）,11.0,173,加藤花,4.0
473,177_2,177,新書（ノベルス）,11.0,173,加藤花,7.0
474,178_0,178,単行本（少年漫画）,24.8,182,岡田碧,25.0
475,178_1,178,単行本（少年漫画）,24.8,182,岡田碧,3.0
476,179_0,179,文庫（古典）,13.0,148,阿部律,6.0
477,179_1,179,文庫（古典）,13.0,148,阿部律,5.0
478,179_2,179,文庫（古典）,13.0,148,阿部律,7.0
479,179_3,179,文庫（古典）,13.0,148,阿部律,3.0
480,179_4,179,文庫（古典）,13.0,148,阿部律,2.0
481,179_5,179,文庫（古典）,13.0,148,阿部律,8.0
482,180_0,180,文庫（ノベルス）,13.0,148,鈴木大和,5.0
483,180_1,180,文庫（ノベルス）,13.0,148,鈴木大和,1.0
484,180_2,180,文庫（ノベルス）,13.0,148,鈴木大和,2.0
485,180_3,180,文庫（ノベルス）,13.0,148,鈴木大和,6.0
486,180_4,180,文庫（ノベルス）,13.0,148,鈴木大和,3.0
487,180_5,180,文庫（ノベルス）,13.0,148,鈴木大和,2.0
488,181_0,181,新書（ノンフィクション）,11.0,173,小林悠真,1.0
489,182_0,182,単行本（少女漫画）,26.7,182,近藤碧,13.0
490,182_1,182,単行本（少女漫画）,26.7,182,近藤碧,19.0
491,183_0,183,新書（ノベルス）,11.0,173,山崎大翔,8.0
492,183_1,183,新書（ノベルス）,11.0,173,山崎大翔,5.0
493,183_2,183,新書（ノベルス）,11.0,173,山崎大翔,5.0
494,184_0,184,文庫（ノベルス）,13.0,148,近藤莉子,5.0
495,185_0,185,文庫（古典）,13.0,148,森暖,9.0
496,185_1,185,文庫（古典）,13.0,148,森暖,7.0
497,185_2,185,文庫（古典）,13.0,148,森暖,4.0
498,185_3,185,文庫（古典）,13.0,148,森暖,7.0
499,186_0,186,新書（ノベルス）,11.0,173,橋本凪,5.0
500,186_1,186,新書（ノベルス）,11.0,173,橋本凪,8.0
501,186_2,186,新書（ノベルス）,11.0,173,橋本凪,7.0
502,187_0,187,単行本（少年漫画）,24.2,182,清水愛,22.0
503,187_1,187,単行本（少年漫画）,24.2,182,清水愛,26.0
504,187_2,187,単行本（少年漫画）,24.2,182,清水愛,21.0
505,187_3,187,単行本（少年漫画）,24.2,182,清水愛,11.0
506,187_4,187,単行本（少年漫画）,24.2,182,清水愛,3.0
507,188_0,188,文庫（古典）,13.0,148,小川陽葵,9.0
508,189_0,189,文庫（古典）,13.0,148,村上詩,2.0
509,190_0,190,単行本（少年漫画）,25.4,182,山田愛,15.0
510,190_1,190,単行本（少年漫画）,25.4,182,山田愛,15.0
511,190_2,190,単行本（少年漫画）,25.4,182,山田愛,1.0
512,191_0,191,文庫（古典）,13.0,148,林湊斗,7.0
513,192_0,192,新書（文芸書）,11.0,173,藤田陽斗,5.0
514,192_1,192,新書（文芸書）,11.0,173,藤田陽斗,3.0
515,192_2,192,新書（文芸書）,11.0,173,藤田陽斗,3.0
516,192_3,192,新書（文芸書）,11.0,173,藤田陽斗,8.0
517,192_4,192,新書（文芸書）,11.0,173,藤田陽斗,3.0
518,192_5,192,新書（文芸書）,11.0,173,藤田陽斗,9.0
519,193_0,193,単行本（少年漫画）,26.2,182,遠藤莉子,10.0
520,193_1,193,単行本（少年漫画）,26.2,182,遠藤莉子,10.0
521,193_2,193,単行本（少年漫画）,26.2,182,遠藤莉子,4.0
522,194_0,194,単行本（青年漫画）,23.4,182,阿部葵,8.0
523,194_1,194,単行本（青年漫画）,23.4,182,阿部葵,9.0
524,194_2,194,単行本（青年漫画）,23.4,182,阿部葵,8.0
525,194_3,194,単行本（青年漫画）,23.4,182,阿部葵,5.0
526,194_4,194,単行本（青年漫画）,23.4,182,阿部葵,8.0
527,195_0,195,文庫（ノベルス）,13.0,148,小川湊斗,6.0
528,196_0,196,単行本（少年漫画）,25.3,182,長谷川詩,29.0
529,196_1,196,単行本（少年漫画）,25.3,182,長谷川詩,5.0
530,197_0,197,単行本（少女漫画）,24.7,182,池田心春,24.0
531,197_1,197,単行本（少女漫画）,24.7,182,池田心春,18.0
532,197_2,197,単行本（少女漫画）,24.7,182,池田心春,29.0
533,197_3,197,単行本（少女漫画）,24.7,182,池田心春,19.0
534,197_4,197,単行本（少女漫画）,24.7,182,池田心春,17.0
535,197_5,197,単行本（少女漫画）,24.7,182,池田心春,24.0
536,197_6,197,単行本（少女漫画）,24.7,182,池田心春,11.0
537,198_0,198,単行本（少年漫画）,26.1,182,吉田伊織,10.0
538,199_0,199,単行本（少女漫画）,25.6,182,中島蒼,15.0
539,199_1,199,単行本（少女漫画）,25.6,182,中島蒼,16.0
540,200_0,200,単行本（青年漫画）,25.6,182,伊藤咲良,1.0
541,200_1,200,単行本（青年漫画）,25.6,182,伊藤咲良,7.0
542,200_2,200,単行本（青年漫画）,25.6,182,伊藤咲良,2.0
543,200_3,200,単行本（青年漫画）,25.6,182,伊藤咲良,6.0
544,200_4,200,単行本（青年漫画）,25.6,182,伊藤咲良,3.0
545,200_5,200,単行本（青年漫画）,25.6,182,伊藤咲良,4.0
546,201_0,201,文庫（古典）,13.0,148,木村結月,8.0
547,202_0,202,文庫（文芸書）,13.0,148,山口凪,0.0
548,202_1,202,文庫（文芸書）,13.0,148,山口凪,7.0
549,202_2,202,文庫（文芸書）,13.0,148,山口凪,5.0
550,203_0,203,新書（ノンフィクション）,11.0,173,鈴木陽斗,4.0
551,203_1,203,新書（ノンフィクション）,11.0,173,鈴木陽斗,2.0
552,204_0,204,単行本（青年漫画）,24.6,182,山田陽葵,8.0
553,204_1,204,単行本（青年漫画）,24.6,182,山田陽葵,8.0
554,204_2,204,単行本（青年漫画）,24.6,182,山田陽葵,0.0
555,205_0,205,単行本（青年漫画）,26.8,182,遠藤湊斗,5.0
556,206_0,206,単行本（少女漫画）,24.7,182,岡田結衣,2.0
557,207_0,207,単行本（青年漫画）,25.0,182,清水颯真,7.0
558,208_0,208,文庫（文芸書）,13.0,148,斎藤朱莉,4.0
559,209_0,209,新書（ノンフィクション）,11.0,173,山崎美桜,4.0
560,210_0,210,単行本（青年漫画）,25.6,182,伊藤結翔,9.0
561,210_1,210,単行本（青年漫画）,25.6,182,伊藤結翔,5.0
562,210_2,210,単行本（青年漫画）,25.6,182,伊藤結翔,2.0
563,210_3,210,単行本（青年漫画）,25.6,182,伊藤結翔,1.0
564,211_0,211,新書（文芸書）,11.0,173,斎藤陽葵,2.0
565,212_0,212,新書（文芸書）,11.0,173,長谷川愛,2.0
566,212_1,212,新書（文芸書）,11.0,173,長谷川愛,6.0
567,213_0,213,新書（ノンフィクション）,11.0,173,石井咲良,0.0
568,214_0,214,単行本（青年漫画）,24.3,182,長谷川蓮,9.0
569,214_1,214,単行本（青年漫画）,24.3,182,長谷川蓮,6.0
570,215_0,215,文庫（古典）,13.0,148,近藤伊織,5.0
571,215_1,215,文庫（古典）,13.0,148,近藤伊織,2.0
572,215_2,215,文庫（古典）,13.0,148,近藤伊織,3.0
573,215_3,215,文庫（古典）,13.0,148,近藤伊織,2.0
574,215_4,215,文庫（古典）,13.0,148,近藤伊織,3.0
575,216_0,216,文庫（文芸書）,13.0,148,木村大和,3.0
576,216_1,216,文庫（文芸書）,13.0,148,木村大和,3.0
577,216_2,216,文庫（文芸書）,13.0,148,木村大和,6.0
578,217_0,217,単行本（青年漫画）,25.4,182,山田律,3.0
579,218_0,218,新書（文芸書）,11.0,173,山崎凪,0.0
580,219_0,219,文庫（文芸書）,13.0,148,吉田愛,1.0
581,219_1,219,文庫（文芸書）,13.0,148,吉田愛,6.0
582,219_2,219,文庫（文芸書）,13.0,148,吉田愛,5.0
583,219_3,219,文庫（文芸書）,13.0,148,吉田愛,8.0
584,220_0,220,新書（ノベルス）,11.0,173,小林結衣,1.0
585,220_1,220,新書（ノベルス）,11.0,173,小林結衣,4.0
586,220_2,220,新書（ノベルス）,11.0,173,小林結衣,9.0
587,221_0,221,文庫（ノベルス）,13.0,148,井上律,8.0
588,221_1,221,文庫（ノベルス）,13.0,148,井上律,8.0
589,221_2,221,文庫（ノベルス）,13.0,148,井上律,7.0
590,222_0,222,文庫（古典）,13.0,148,長谷川凪,9.0
591,223_0,223,新書（ノベルス）,11.0,173,後藤結愛,4.0
592,224_0,224,文庫（古典）,13.0,148,渡辺紬,8.0
593,224_1,224,文庫（古典）,13.0,148,渡辺紬,2.0
594,225_0,225,新書（文芸書）,11.0,173,森蒼,7.0
595,225_1,225,新書（文芸書）,11.0,173,森蒼,9.0
596,225_2,225,新書（文芸書）,11.0,173,森蒼,1.0
597,225_3,225,新書（文芸書）,11.0,173,森蒼,1.0
598,226_0,226,文庫（文芸書）,13.0,148,石川蒼,1.0
599,226_1,226,文庫（文芸書）,13.0,148,石川蒼,1.0
600,226_2,226,文庫（文芸書）,13.0,148,石川蒼,0.0
601,227_0,227,単行本（青年漫画）,26.8,182,阿部葵,6.0
602,228_0,228,新書（ノンフィクション）,11.0,173,坂本結翔,0.0
603,229_0,229,新書（文芸書）,11.0,173,阿部朱莉,9.0
604,230_0,230,単行本（少女漫画）,25.3,182,佐々木凛,22.0
605,231_0,231,文庫（辞書）,49.9,148,鈴木花,4.0
606,232_0,232,新書（ノンフィクション）,11.0,173,吉田心春,6.0
607,232_1,232,新書（ノンフィクション）,11.0,173,吉田心春,5.0
608,232_2,232,新書（ノンフィクション）,11.0,173,吉田心春,0.0
609,232_3,232,新書（ノンフィクション）,11.0,173,吉田心春,2.0
610,232_4,232,新書（ノンフィクション）,11.0,173,吉田心春,1.0
611,232_5,232,新書（ノンフィクション）,11.0,173,吉田心春,6.0
612,233_0,233,新書（ノベルス）,11.0,173,中村凛,1.0
613,234_0,234,新書（ノベルス）,11.0,173,橋本湊斗,6.0
614,235_0,235,文庫（ノベルス）,13.0,148,吉田悠真,7.0
615,236_0,236,新書（ノンフィクション）,11.0,173,藤田澪,0.0
616,237_0,237,文庫（ノベルス）,13.0,148,橋本大翔,7.0
617,237_1,237,文庫（ノベルス）,13.0,148,橋本大翔,1.0
618,237_2,237,文庫（ノベルス）,13.0,148,橋本大翔,9.0
619,237_3,237,文庫（ノベルス）,13.0,148,橋本大翔,3.0
620,237_4,237,文庫（ノベルス）,13.0,148,橋本大翔,6.0
621,237_5,237,文庫（ノベルス）,13.0,148,橋本大翔,5.0
622,237_6,237,文庫（ノベルス）,13.0,148,橋本大翔,6.0
623,238_0,238,単行本（青年漫画）,24.0,182,渡辺美桜,6.0
624,239_0,239,新書（文芸書）,11.0,173,斎藤心春,7.0
625,240_0,240,単行本（青年漫画）,24.8,182,中村結月,2.0
626,241_0,241,新書（ノベルス）,11.0,173,近藤結愛,0.0
627,242_0,242,新書（ノンフィクション）,11.0,173,後藤凪,6.0
628,242_1,242,新書（ノンフィクション）,11.0,173,後藤凪,4.0
629,242_2,242,新書（ノンフィクション）,11.0,173,後藤凪,0.0
630,243_0,243,文庫（辞書）,52.3,148,佐々木陽斗,6.0
631,244_0,244,単行本（少年漫画）,24.4,182,中島結愛,16.0
632,244_1,244,単行本（少年漫画）,24.4,182,中島結愛,25.0
633,244_2,244,単行本（少年漫画）,24.4,182,中島結愛,25.0
634,244_3,244,単行本（少年漫画）,24.4,182,中島結愛,27.0
635,244_4,244,単行本（少年漫画）,24.4,182,中島結愛,11.0
636,245_0,245,文庫（古典）,13.0,148,林結菜,0.0
637,246_0,246,新書（ノンフィクション）,11.0,173,林颯真,3.0
638,247_0,247,単行本（少女漫画）,25.3,182,後藤凛,3.0
639,248_0,248,新書（文芸書）,11.0,173,加藤咲良,4.0
640,249_0,249,文庫（古典）,13.0,148,橋本芽依,0.0
641,249_1,249,文庫（古典）,13.0,148,橋本芽依,0.0
642,249_2,249,文庫（古典）,13.0,148,橋本芽依,5.0
643,249_3,249,文庫（古典）,13.0,148,橋本芽依,7.0
644,250_0,250,新書（ノンフィクション）,11.0,173,長谷川蒼,0.0
645,250_1,250,新書（ノンフィクション）,11.0,173,長谷川蒼,3.0
646,251_0,251,単行本（少女漫画）,23.9,182,斎藤律,18.0
647,251_1,251,単行本（少女漫画）,23.9,182,斎藤律,10.0
648,251_2,251,単行本（少女漫画）,23.9,182,斎藤律,2.0
649,252_0,252,新書（ノベルス）,11.0,173,青木颯太,4.0
650,252_1,252,新書（ノベルス）,11.0,173,青木颯太,9.0
651,252_2,252,新書（ノベルス）,11.0,173,青木颯太,3.0
652,253_0,253,新書（ノンフィクション）,11.0,173,阿部蒼,9.0
653,253_1,253,新書（ノンフィクション）,11.0,173,阿部蒼,1.0
654,253_2,253,新書（ノンフィクション）,11.0,173,阿部蒼,1.0
655,253_3,253,新書（ノンフィクション）,11.0,173,阿部蒼,7.0
656,254_0,254,文庫（ノベルス）,13.0,148,井上結衣,3.0
657,254_1,254,文庫（ノベルス）,13.0,148,井上結衣,5.0
658,255_0,255,新書（文芸書）,11.0,173,松本凪,1.0
659,255_1,255,新書（文芸書）,11.0,173,松本凪,4.0
660,255_2,255,新書（文芸書）,11.0,173,松本凪,7.0
661,256_0,256,単行本（青年漫画）,23.4,182,石井詩,1.0
662,257_0,257,新書（ノベルス）,11.0,173,木村陽菜,3.0
663,258_0,258,文庫（ノベルス）,13.0,148,石井陽葵,5.0
664,259_0,259,文庫（古典）,13.0,148,山下莉子,9.0
665,259_1,259,文庫（古典）,13.0,148,山下莉子,8.0
666,260_0,260,単行本（青年漫画）,26.4,182,岡田芽依,2.0
667,260_1,260,単行本（青年漫画）,26.4,182,岡田芽依,0.0
668,261_0,261,単行本（青年漫画）,25.2,182,遠藤湊斗,9.0
669,261_1,261,単行本（青年漫画）,25.2,182,遠藤湊斗,3.0
670,261_2,261,単行本（青年漫画）,25.2,182,遠藤湊斗,8.0
671,262_0,262,新書（ノベルス）,11.0,173,鈴木蒼,9.0
672,263_0,263,文庫（ノベルス）,13.0,148,遠藤結愛,8.0
673,264_0,264,新書（ノベルス）,11.0,173,木村陽菜,0.0
674,264_1,264,新書（ノベルス）,11.0,173,木村陽菜,3.0
675,264_2,264,新書（ノベルス）,11.0,173,木村陽菜,7.0
676,264_3,264,新書（ノベルス）,11.0,173,木村陽菜,3.0
677,264_4,264,新書（ノベルス）,11.0,173,木村陽菜,7.0
678,264_5,264,新書（ノベルス）,11.0,173,木村陽菜,5.0
679,265_0,265,単行本（青年漫画）,25.5,182,遠藤悠人,1.0
680,266_0,266,文庫（文芸書）,13.0,148,青木莉子,2.0
681,267_0,267,新書（ノンフィクション）,11.0,173,林咲良,1.0
682,268_0,268,新書（ノベルス）,11.0,173,後藤湊,6.0
683,268_1,268,新書（ノベルス）,11.0,173,後藤湊,8.0
684,268_2,268,新書（ノベルス）,11.0,173,後藤湊,2.0
685,268_3,268,新書（ノベルス）,11.0,173,後藤湊,7.0
686,269_0,269,新書（ノベルス）,11.0,173,木村陽斗,5.0
687,269_1,269,新書（ノベルス）,11.0,173,木村陽斗,0.0
688,269_2,269,新書（ノベルス）,11.0,173,木村陽斗,0.0
689,269_3,269,新書（ノベルス）,11.0,173,木村陽斗,9.0
690,270_0,270,文庫（ノベルス）,13.0,148,藤田陽翔,2.0
691,270_1,270,文庫（ノベルス）,13.0,148,藤田陽翔,2.0
692,271_0,271,文庫（文芸書）,13.0,148,小川美桜,9.0
693,271_1,271,文庫（文芸書）,13.0,148,小川美桜,6.0
694,271_2,271,文庫（文芸書）,13.0,148,小川美桜,4.0
695,272_0,272,新書（文芸書）,11.0,173,高橋新,4.0
696,273_0,273,新書（ノベルス）,11.0,173,前田悠人,0.0
697,273_1,273,新書（ノベルス）,11.0,173,前田悠人,0.0
698,273_2,273,新書（ノベルス）,11.0,173,前田悠人,2.0
699,273_3,273,新書（ノベルス）,11.0,173,前田悠人,7.0
700,273_4,273,新書（ノベルス）,11.0,173,前田悠人,6.0
701,273_5,273,新書（ノベルス）,11.0,173,前田悠人,6.0
702,274_0,274,新書（ノンフィクション）,11.0,173,田中大翔,1.0
703,275_0,275,単行本（少女漫画）,26.5,182,遠藤芽依,16.0
704,276_0,276,新書（ノンフィクション）,11.0,173,石川陽葵,0.0
705,277_0,277,文庫（古典）,13.0,148,藤田蓮,8.0
706,277_1,277,文庫（古典）,13.0,148,藤田蓮,7.0
707,277_2,277,文庫（古典）,13.0,148,藤田蓮,9.0
708,277_3,277,文庫（古典）,13.0,148,藤田蓮,8.0
709,278_0,278,文庫（古典）,13.0,148,森暖,2.0
710,278_1,278,文庫（古典）,13.0,148,森暖,6.0
711,279_0,279,新書（ノベルス）,11.0,173,近藤紬,3.0
712,280_0,280,新書（ノベルス）,11.0,173,近藤花,8.0
713,280_1,280,新書（ノベルス）,11.0,173,近藤花,5.0
714,280_2,280,新書（ノベルス）,11.0,173,近藤花,7.0
715,280_3,280,新書（ノベルス）,11.0,173,近藤花,5.0
716,280_4,280,新書（ノベルス）,11.0,173,近藤花,4.0
717,280_5,280,新書（ノベルス）,11.0,173,近藤花,4.0
718,280_6,280,新書（ノベルス）,11.0,173,近藤花,7.0
719,281_0,281,単行本（青年漫画）,24.2,182,藤田葵,3.0
720,281_1,281,単行本（青年漫画）,24.2,182,藤田葵,6.0
721,281_2,281,単行本（青年漫画）,24.2,182,藤田葵,0.0
722,281_3,281,単行本（青年漫画）,24.2,182,藤田葵,5.0
723,281_4,281,単行本（青年漫画）,24.2,182,藤田葵,6.0
724,282_0,282,文庫（文芸書）,13.0,148,小川美桜,1.0
725,282_1,282,文庫（文芸書）,13.0,148,小川美桜,5.0
726,282_2,282,文庫（文芸書）,13.0,148,小川美桜,1.0
727,282_3,282,文庫（文芸書）,13.0,148,小川美桜,1.0
728,282_4,282,文庫（文芸書）,13.0,148,小川美桜,8.0
729,283_0,283,新書（ノンフィクション）,11.0,173,鈴木詩,5.0
730,283_1,283,新書（ノンフィクション）,11.0,173,鈴木詩,2.0
731,284_0,284,文庫（文芸書）,13.0,148,吉田碧,0.0
732,284_1,284,文庫（文芸書）,13.0,148,吉田碧,8.0
733,284_2,284,文庫（文芸書）,13.0,148,吉田碧,4.0
734,284_3,284,文庫（文芸書）,13.0,148,吉田碧,0.0
735,284_4,284,文庫（文芸書）,13.0,148,吉田碧,5.0
736,284_5,284,文庫（文芸書）,13.0,148,吉田碧,5.0
737,285_0,285,文庫（ノベルス）,13.0,148,吉田大翔,4.0
738,286_0,286,新書（文芸書）,11.0,173,中村蒼,3.0
739,287_0,287,文庫（古典）,13.0,148,加藤芽依,5.0
740,288_0,288,単行本（少年漫画）,24.3,182,石井心春,7.0
741,289_0,289,単行本（少年漫画）,25.6,182,中島颯太,5.0
742,290_0,290,単行本（少年漫画）,25.8,182,石川悠人,2.0
743,291_0,291,単行本（少女漫画）,24.9,182,中島伊織,9.0
744,292_0,292,単行本（少年漫画）,23.6,182,山崎陽葵,25.0
745,293_0,293,新書（ノンフィクション）,11.0,173,後藤詩,1.0
746,293_1,293,新書（ノンフィクション）,11.0,173,後藤詩,5.0
747,294_0,294,単行本（青年漫画）,24.2,182,森結愛,0.0
748,294_1,294,単行本（青年漫画）,24.2,182,森結愛,2.0
749,294_2,294,単行本（青年漫画）,24.2,182,森結愛,5.0
750,294_3,294,単行本（青年漫画）,24.2,182,森結愛,6.0
751,294_4,294,単行本（青年漫画）,24.2,182,森結愛,2.0
752,295_0,295,文庫（文芸書）,13.0,148,林蒼,3.0
753,296_0,296,文庫（ノベルス）,13.0,148,伊藤颯太,1.0
754,296_1,296,文庫（ノベルス）,13.0,148,伊藤颯太,1.0
755,296_2,296,文庫（ノベルス）,13.0,148,伊藤颯太,6.0
756,296_3,296,文庫（ノベルス）,13.0,148,伊藤颯太,3.0
757,296_4,296,文庫（ノベルス）,13.0,148,伊藤颯太,6.0
758,296_5,296,文庫（ノベルス）,13.0,148,伊藤颯太,5.0
759,296_6,296,文庫（ノベルス）,13.0,148,伊藤颯太,4.0
760,297_0,297,文庫（ノベルス）,13.0,148,山崎心春,8.0
761,298_0,298,単行本（青年漫画）,25.7,182,木村颯真,4.0
762,298_1,298,単行本（青年漫画）,25.7,182,木村颯真,2.0
763,299_0,299,新書（ノンフィクション）,11.0,173,佐々木蒼,4.0
764,299_1,299,新書（ノンフィクション）,11.0,173,佐々木蒼,2.0
765,299_2,299,新書（ノンフィクション）,11.0,173,佐々木蒼,6.0
766,300_0,300,文庫（古典）,13.0,148,佐々木結翔,9.0
767,300_1,300,文庫（古典）,13.0,148,佐々木結翔,6.0
768,301_0,301,新書（ノベルス）,11.0,173,中島莉子,3.0
769,302_0,302,文庫（古典）,13.0,148,渡辺結愛,1.0
770,302_1,302,文庫（古典）,13.0,148,渡辺結愛,0.0
771,303_0,303,新書（ノンフィクション）,11.0,173,遠藤澪,7.0
772,303_1,303,新書（ノンフィクション）,11.0,173,遠藤澪,3.0
773,303_2,303,新書（ノンフィクション）,11.0,173,遠藤澪,4.0
774,303_3,303,新書（ノンフィクション）,11.0,173,遠藤澪,4.0
775,303_4,303,新書（ノンフィクション）,11.0,173,遠藤澪,7.0
776,303_5,303,新書（ノンフィクション）,11.0,173,遠藤澪,1.0
777,304_0,304,単行本（少女漫画）,27.6,182,小林湊,16.0
778,305_0,305,文庫（ノベルス）,13.0,148,村上朱莉,4.0
779,305_1,305,文庫（ノベルス）,13.0,148,村上朱莉,0.0
780,305_2,305,文庫（ノベルス）,13.0,148,村上朱莉,8.0
781,305_3,305,文庫（ノベルス）,13.0,148,村上朱莉,8.0
782,305_4,305,文庫（ノベルス）,13.0,148,村上朱莉,6.0
783,305_5,305,文庫（ノベルス）,13.0,148,村上朱莉,4.0
784,305_6,305,文庫（ノベルス）,13.0,148,村上朱莉,5.0
785,305_7,305,文庫（ノベルス）,13.0,148,村上朱莉,5.0
786,305_8,305,文庫（ノベルス）,13.0,148,村上朱莉,7.0
787,306_0,306,新書（ノベルス）,11.0,173,木村湊,9.0
788,306_1,306,新書（ノベルス）,11.0,173,木村湊,0.0
789,306_2,306,新書（ノベルス）,11.0,173,木村湊,9.0
790,306_3,306,新書（ノベルス）,11.0,173,木村湊,5.0
791,306_4,306,新書（ノベルス）,11.0,173,木村湊,6.0
792,306_5,306,新書（ノベルス）,11.0,173,木村湊,7.0
793,307_0,307,文庫（文芸書）,13.0,148,池田大和,8.0
794,308_0,308,文庫（文芸書）,13.0,148,中島朱莉,3.0
795,309_0,309,新書（ノベルス）,11.0,173,井上結菜,4.0
796,309_1,309,新書（ノベルス）,11.0,173,井上結菜,4.0
797,310_0,310,新書（文芸書）,11.0,173,後藤大翔,4.0
798,311_0,311,単行本（少女漫画）,25.7,182,渡辺大和,0.0
799,311_1,311,単行本（少女漫画）,25.7,182,渡辺大和,1.0
800,312_0,312,新書（ノベルス）,11.0,173,山本大翔,2.0
801,313_0,313,単行本（少年漫画）,25.8,182,後藤蒼,16.0
802,314_0,314,新書（文芸書）,11.0,173,村上陽菜,4.0
803,315_0,315,文庫（ノベルス）,13.0,148,山口葵,5.0
804,315_1,315,文庫（ノベルス）,13.0,148,山口葵,1.0
805,315_2,315,文庫（ノベルス）,13.0,148,山口葵,5.0
806,315_3,315,文庫（ノベルス）,13.0,148,山口葵,4.0
807,315_4,315,文庫（ノベルス）,13.0,148,山口葵,2.0
808,315_5,315,文庫（ノベルス）,13.0,148,山口葵,6.0
809,316_0,316,文庫（古典）,13.0,148,遠藤陽翔,4.0
810,316_1,316,文庫（古典）,13.0,148,遠藤陽翔,1.0
811,316_2,316,文庫（古典）,13.0,148,遠藤陽翔,5.0
812,317_0,317,単行本（少女漫画）,26.5,182,山下陽葵,7.0
813,317_1,317,単行本（少女漫画）,26.5,182,山下陽葵,29.0
814,317_2,317,単行本（少女漫画）,26.5,182,山下陽葵,2.0
815,317_3,317,単行本（少女漫画）,26.5,182,山下陽葵,8.0
816,317_4,317,単行本（少女漫画）,26.5,182,山下陽葵,18.0
817,318_0,318,単行本（少年漫画）,25.3,182,石川悠人,19.0
818,319_0,319,文庫（古典）,13.0,148,小林大和,5.0
819,319_1,319,文庫（古典）,13.0,148,小林大和,8.0
820,319_2,319,文庫（古典）,13.0,148,小林大和,5.0
821,319_3,319,文庫（古典）,13.0,148,小林大和,3.0
822,319_4,319,文庫（古典）,13.0,148,小林大和,2.0
823,319_5,319,文庫（古典）,13.0,148,小林大和,5.0
824,319_6,319,文庫（古典）,13.0,148,小林大和,4.0
825,320_0,320,新書（文芸書）,11.0,173,渡辺結月,0.0
826,321_0,321,単行本（少年漫画）,23.8,182,山田結翔,4.0
827,322_0,322,文庫（ノベルス）,13.0,148,高橋律,9.0
828,322_1,322,文庫（ノベルス）,13.0,148,高橋律,4.0
829,322_2,322,文庫（ノベルス）,13.0,148,高橋律,4.0
830,322_3,322,文庫（ノベルス）,13.0,148,高橋律,5.0
831,322_4,322,文庫（ノベルス）,13.0,148,高橋律,8.0
832,323_0,323,単行本（少年漫画）,25.7,182,林颯太,20.0
833,324_0,324,新書（ノンフィクション）,11.0,173,山崎美桜,7.0
834,325_0,325,文庫（文芸書）,13.0,148,伊藤陽斗,1.0
835,325_1,325,文庫（文芸書）,13.0,148,伊藤陽斗,4.0
836,325_2,325,文庫（文芸書）,13.0,148,伊藤陽斗,5.0
837,326_0,326,新書（ノンフィクション）,11.0,173,近藤新,9.0
838,327_0,327,新書（ノベルス）,11.0,173,小林蓮,9.0
839,328_0,328,文庫（文芸書）,13.0,148,中島蓮,1.0
840,329_0,329,単行本（少年漫画）,26.1,182,遠藤蒼,17.0
841,330_0,330,単行本（少女漫画）,24.8,182,伊藤大和,24.0
842,330_1,330,単行本（少女漫画）,24.8,182,伊藤大和,28.0
843,330_2,330,単行本（少女漫画）,24.8,182,伊藤大和,10.0
844,330_3,330,単行本（少女漫画）,24.8,182,伊藤大和,12.0
845,331_0,331,新書（ノベルス）,11.0,173,中村碧,5.0
846,332_0,332,文庫（古典）,13.0,148,阿部暖,6.0
847,333_0,333,新書（ノンフィクション）,11.0,173,池田凛,7.0
848,333_1,333,新書（ノンフィクション）,11.0,173,池田凛,7.0
849,333_2,333,新書（ノンフィクション）,11.0,173,池田凛,4.0
850,333_3,333,新書（ノンフィクション）,11.0,173,池田凛,5.0
851,333_4,333,新書（ノンフィクション）,11.0,173,池田凛,7.0
852,333_5,333,新書（ノンフィクション）,11.0,173,池田凛,4.0
853,333_6,333,新書（ノンフィクション）,11.0,173,池田凛,9.0
854,334_0,334,新書（ノベルス）,11.0,173,松本結月,2.0
855,334_1,334,新書（ノベルス）,11.0,173,松本結月,9.0
856,335_0,335,新書（ノベルス）,11.0,173,鈴木蒼,1.0
857,336_0,336,単行本（少女漫画）,23.2,182,吉田颯太,24.0
858,337_0,337,単行本（少女漫画）,24.3,182,佐藤花,6.0
859,338_0,338,単行本（少女漫画）,24.6,182,近藤蓮,9.0
860,339_0,339,単行本（少女漫画）,27.4,182,佐藤伊織,23.0
861,339_1,339,単行本（少女漫画）,27.4,182,佐藤伊織,22.0
862,339_2,339,単行本（少女漫画）,27.4,182,佐藤伊織,10.0
863,339_3,339,単行本（少女漫画）,27.4,182,佐藤伊織,11.0
864,339_4,339,単行本（少女漫画）,27.4,182,佐藤伊織,7.0
865,339_5,339,単行本（少女漫画）,27.4,182,佐藤伊織,27.0
866,339_6,339,単行本（少女漫画）,27.4,182,佐藤伊織,0.0
867,339_7,339,単行本（少女漫画）,27.4,182,佐藤伊織,29.0
868,340_0,340,単行本（少女漫画）,24.9,182,山田凛,24.0
869,341_0,341,文庫（文芸書）,13.0,148,前田陽翔,1.0
870,342_0,342,新書（文芸書）,11.0,173,山下凪,7.0
871,342_1,342,新書（文芸書）,11.0,173,山下凪,8.0
872,342_2,342,新書（文芸書）,11.0,173,山下凪,0.0
873,343_0,343,文庫（古典）,13.0,148,加藤悠人,6.0
874,344_0,344,新書（文芸書）,11.0,173,遠藤結月,5.0
875,345_0,345,文庫（ノベルス）,13.0,148,吉田朱莉,8.0
876,346_0,346,新書（ノンフィクション）,11.0,173,青木大翔,4.0
877,347_0,347,文庫（ノベルス）,13.0,148,山口新,4.0
878,348_0,348,新書（ノンフィクション）,11.0,173,松本樹,0.0
879,348_1,348,新書（ノンフィクション）,11.0,173,松本樹,3.0
880,349_0,349,単行本（青年漫画）,25.9,182,藤田葵,5.0
881,349_1,349,単行本（青年漫画）,25.9,182,藤田葵,6.0
882,349_2,349,単行本（青年漫画）,25.9,182,藤田葵,9.0
883,349_3,349,単行本（青年漫画）,25.9,182,藤田葵,1.0
884,349_4,349,単行本（青年漫画）,25.9,182,藤田葵,4.0
885,349_5,349,単行本（青年漫画）,25.9,182,藤田葵,4.0
886,349_6,349,単行本（青年漫画）,25.9,182,藤田葵,2.0
887,350_0,350,単行本（青年漫画）,24.4,182,前田結衣,3.0
888,351_0,351,文庫（ノベルス）,13.0,148,長谷川悠人,0.0
889,352_0,352,新書（ノンフィクション）,11.0,173,坂本蓮,0.0
890,352_1,352,新書（ノンフィクション）,11.0,173,坂本蓮,5.0
891,353_0,353,文庫（古典）,13.0,148,渡辺心春,9.0
892,354_0,354,文庫（文芸書）,13.0,148,小林蒼,5.0
893,355_0,355,文庫（古典）,13.0,148,林美桜,0.0
894,355_1,355,文庫（古典）,13.0,148,林美桜,5.0
895,356_0,356,文庫（ノベルス）,13.0,148,木村結衣,4.0
896,356_1,356,文庫（ノベルス）,13.0,148,木村結衣,7.0
897,357_0,357,新書（ノンフィクション）,11.0,173,坂本莉子,8.0
898,357_1,357,新書（ノンフィクション）,11.0,173,坂本莉子,6.0
899,357_2,357,新書（ノンフィクション）,11.0,173,坂本莉子,0.0
900,357_3,357,新書（ノンフィクション）,11.0,173,坂本莉子,2.0
901,357_4,357,新書（ノンフィクション）,11.0,173,坂本莉子,0.0
902,357_5,357,新書（ノンフィクション）,11.0,173,坂本莉子,0.0
903,358_0,358,文庫（ノベルス）,13.0,148,山本陽斗,5.0
904,359_0,359,新書（ノンフィクション）,11.0,173,佐々木湊,6.0
905,360_0,360,単行本（少年漫画）,25.7,182,山下碧,24.0
906,360_1,360,単行本（少年漫画）,25.7,182,山下碧,1.0
907,360_2,360,単行本（少年漫画）,25.7,182,山下碧,7.0
908,360_3,360,単行本（少年漫画）,25.7,182,山下碧,11.0
909,360_4,360,単行本（少年漫画）,25.7,182,山下碧,13.0
910,361_0,361,文庫（ノベルス）,13.0,148,中島樹,5.0
911,361_1,361,文庫（ノベルス）,13.0,148,中島樹,1.0
912,362_0,362,新書（ノベルス）,11.0,173,中村葵,0.0
913,363_0,363,単行本（青年漫画）,25.7,182,鈴木湊,4.0
914,363_1,363,単行本（青年漫画）,25.7,182,鈴木湊,0.0
915,364_0,364,新書（文芸書）,11.0,173,井上詩,2.0
916,364_1,364,新書（文芸書）,11.0,173,井上詩,5.0
917,364_2,364,新書（文芸書）,11.0,173,井上詩,7.0
918,364_3,364,新書（文芸書）,11.0,173,井上詩,1.0
919,364_4,364,新書（文芸書）,11.0,173,井上詩,5.0
920,365_0,365,単行本（少年漫画）,26.1,182,林陽翔,6.0
921,365_1,365,単行本（少年漫画）,26.1,182,林陽翔,29.0
922,365_2,365,単行本（少年漫画）,26.1,182,林陽翔,19.0
923,365_3,365,単行本（少年漫画）,26.1,182,林陽翔,22.0
924,365_4,365,単行本（少年漫画）,26.1,182,林陽翔,23.0
925,366_0,366,単行本（少年漫画）,24.0,182,池田伊織,5.0
926,366_1,366,単行本（少年漫画）,24.0,182,池田伊織,7.0
927,367_0,367,文庫（古典）,13.0,148,小林伊織,3.0
928,367_1,367,文庫（古典）,13.0,148,小林伊織,4.0
929,368_0,368,新書（ノベルス）,11.0,173,青木颯太,3.0
930,369_0,369,単行本（青年漫画）,25.0,182,加藤詩,8.0
931,370_0,370,単行本（少女漫画）,27.0,182,藤田朝陽,26.0
932,371_0,371,文庫（文芸書）,13.0,148,斎藤颯真,3.0
933,371_1,371,文庫（文芸書）,13.0,148,斎藤颯真,8.0
934,371_2,371,文庫（文芸書）,13.0,148,斎藤颯真,2.0
935,371_3,371,文庫（文芸書）,13.0,148,斎藤颯真,8.0
936,371_4,371,文庫（文芸書）,13.0,148,斎藤颯真,8.0
937,371_5,371,文庫（文芸書）,13.0,148,斎藤颯真,8.0
938,372_0,372,文庫（文芸書）,13.0,148,石井新,2.0
939,373_0,373,新書（ノベルス）,11.0,173,松本結月,8.0
940,373_1,373,新書（ノベルス）,11.0,173,松本結月,9.0
941,374_0,374,単行本（青年漫画）,25.6,182,青木陽翔,4.0
942,374_1,374,単行本（青年漫画）,25.6,182,青木陽翔,0.0
943,375_0,375,新書（文芸書）,11.0,173,石井悠真,7.0
944,375_1,375,新書（文芸書）,11.0,173,石井悠真,7.0
945,375_2,375,新書（文芸書）,11.0,173,石井悠真,1.0
946,375_3,375,新書（文芸書）,11.0,173,石井悠真,2.0
947,375_4,375,新書（文芸書）,11.0,173,石井悠真,8.0
948,375_5,375,新書（文芸書）,11.0,173,石井悠真,7.0
949,375_6,375,新書（文芸書）,11.0,173,石井悠真,8.0
950,376_0,376,単行本（青年漫画）,26.2,182,中村結月,6.0
951,376_1,376,単行本（青年漫画）,26.2,182,中村結月,0.0
952,376_2,376,単行本（青年漫画）,26.2,182,中村結月,8.0
953,376_3,376,単行本（青年漫画）,26.2,182,中村結月,4.0
954,377_0,377,新書（文芸書）,11.0,173,山口颯太,3.0
955,378_0,378,新書（ノンフィクション）,11.0,173,中島心春,5.0
956,379_0,379,文庫（文芸書）,13.0,148,木村湊斗,9.0
957,379_1,379,文庫（文芸書）,13.0,148,木村湊斗,7.0
958,379_2,379,文庫（文芸書）,13.0,148,木村湊斗,8.0
959,380_0,380,文庫（ノベルス）,13.0,148,小林颯真,0.0
960,380_1,380,文庫（ノベルス）,13.0,148,小林颯真,6.0
961,380_2,380,文庫（ノベルス）,13.0,148,小林颯真,3.0
962,380_3,380,文庫（ノベルス）,13.0,148,小林颯真,2.0
963,380_4,380,文庫（ノベルス）,13.0,148,小林颯真,1.0
964,381_0,381,文庫（文芸書）,13.0,148,佐藤陽葵,7.0
965,381_1,381,文庫（文芸書）,13.0,148,佐藤陽葵,9.0
966,381_2,381,文庫（文芸書）,13.0,148,佐藤陽葵,0.0
967,381_3,381,文庫（文芸書）,13.0,148,佐藤陽葵,3.0
968,382_0,382,文庫（ノベルス）,13.0,148,高橋大翔,5.0
969,383_0,383,文庫（文芸書）,13.0,148,石川伊織,6.0
970,383_1,383,文庫（文芸書）,13.0,148,石川伊織,3.0
971,383_2,383,文庫（文芸書）,13.0,148,石川伊織,9.0
972,383_3,383,文庫（文芸書）,13.0,148,石川伊織,2.0
973,383_4,383,文庫（文芸書）,13.0,148,石川伊織,2.0
974,384_0,384,単行本（青年漫画）,24.9,182,鈴木大翔,0.0
975,384_1,384,単行本（青年漫画）,24.9,182,鈴木大翔,0.0
976,384_2,384,単行本（青年漫画）,24.9,182,鈴木大翔,8.0
977,384_3,384,単行本（青年漫画）,24.9,182,鈴木大翔,8.0
978,384_4,384,単行本（青年漫画）,24.9,182,鈴木大翔,9.0
979,384_5,384,単行本（青年漫画）,24.9,182,鈴木大翔,2.0
980,384_6,384,単行本（青年漫画）,24.9,182,鈴木大翔,4.0
981,385_0,385,新書（ノンフィクション）,11.0,173,石井咲良,8.0
982,385_1,385,新書（ノンフィクション）,11.0,173,石井咲良,5.0
983,386_0,386,文庫（文芸書）,13.0,148,石井新,4.0
984,386_1,386,文庫（文芸書）,13.0,148,石井新,1.0
985,387_0,387,単行本（少年漫画）,25.0,182,山崎澪,13.0
986,388_0,388,単行本（少年漫画）,24.0,182,石川湊,6.0
987,389_0,389,新書（ノンフィクション）,11.0,173,渡辺律,8.0
988,390_0,390,単行本（青年漫画）,25.9,182,加藤律,2.0
989,390_1,390,単行本（青年漫画）,25.9,182,加藤律,4.0
990,390_2,390,単行本（青年漫画）,25.9,182,加藤律,7.0
991,391_0,391,単行本（少年漫画）,23.0,182,山口湊斗,0.0
992,391_1,391,単行本（少年漫画）,23.0,182,山口湊斗,4.0
993,391_2,391,単行本（少年漫画）,23.0,182,山口湊斗,20.0
994,391_3,391,単行本（少年漫画）,23.0,182,山口湊斗,27.0
995,391_4,391,単行本（少年漫画）,23.0,182,山口湊斗,24.0
996,391_5,391,単行本（少年漫画）,23.0,182,山口湊斗,10.0
997,391_6,391,単行本（少年漫画）,23.0,182,山口湊斗,23.0
998,391_7,391,単行本（少年漫画）,23.0,182,山口湊斗,8.0
999,392_0,392,文庫（古典）,13.0,148,小川陽翔,0.0
